<?xml version="1.0" encoding="UTF-8"?>
<project-private xmlns="http://www.netbeans.org/ns/project-private/1">
    <editor-bookmarks xmlns="http://www.netbeans.org/ns/editor-bookmarks/2" lastBookmarkId="0"/>
    <open-files xmlns="http://www.netbeans.org/ns/projectui-open-files/2">
        <group>
            <file>file:/C:/Users/subli/Documents/NetBeansProjects/The%20Management%20System%20Of%20Library/src/login.java</file>
            <file>file:/C:/Users/subli/Documents/NetBeansProjects/The%20Management%20System%20Of%20Library/src/Project/connection.java</file>
            <file>file:/C:/Users/subli/Documents/NetBeansProjects/The%20Management%20System%20Of%20Library/src/the/management/system/of/library/TheManagementSystemOfLibrary.java</file>
            <file>file:/C:/Users/subli/Documents/NetBeansProjects/The%20Management%20System%20Of%20Library/src/jcomboBox1.java</file>
            <file>file:/C:/Users/subli/Documents/NetBeansProjects/The%20Management%20System%20Of%20Library/src/Project/Connectionprovider.java</file>
            <file>file:/C:/Users/subli/Documents/NetBeansProjects/The%20Management%20System%20Of%20Library/src/home.java</file>
            <file>file:/C:/Users/subli/Documents/NetBeansProjects/The%20Management%20System%20Of%20Library/src/JFrame.java</file>
            <file>file:/C:/Users/subli/Documents/NetBeansProjects/The%20Management%20System%20Of%20Library/src/jOptionPane.java</file>
            <file>file:/C:/Users/subli/Documents/NetBeansProjects/The%20Management%20System%20Of%20Library/src/jcomboBox2.java</file>
            <file>file:/C:/Users/subli/Documents/NetBeansProjects/The%20Management%20System%20Of%20Library/src/newstudent.java</file>
        </group>
    </open-files>
</project-private>
